Label,Text
fitness,with locations counting choose across australia needs covered membership gives access every location nearest website
fitness,listen andrew huberman podcast regularly follow advice comes health fitness this level trust built consistency point consider advice
fitness,family health fitness business looking increase sales income check nowsite system effort money perfect control future achieve success
fitness,lamba player motay fitness karni international cricket motay players survived longer period sahib
fitness,shape class learn visiting calling
fitness,fitness become great hobby
fitness,people trust douchebags always fitness protine working people reach plateau catch eventually
fitness,outlasted illya ivashka tonight three hours three minutes fitness factor about twenty lbs secret eating after
fitness,people accomplish things reading snail getting fitness focusing mental health start
fitness,ingredients containing vitamin dietary fiber minerals healthy nutrition
fitness,natural burner women celebrate launch promo try me hurry limited
fitness,enjoying titans article start tracking steps titans
fitness,change stores twenty four hrs fitness price paying service getting leave those locations pandemic being cheap walmart night
fitness,formulas achieve everything success desire friction wealth leverage value fitness muscle tissue damage protien intake deficit surplus fullfillment progress greater cause happiness healthy mindfullness
fitness,strong strong
fitness,please street lights working properly winters turned though still hoping safety towards fitness community dedicate their morning routines healthy lifestyle
fitness,invent fitness ourselves
fitness,fitness protection program
fitness,swear initiative getting fitness again classified class quick
fitness,bitches their health fitness pregnant
fitness,specific fitness goals easier suits needs other words there interested taking aerobics classes swimming boxing playing basketball
fitness,first fitness received friend
fitness,cronulla running their fitness regime early guilty handed weeks season small players group premiership years later
fitness,arrogant belief confident class compulsory productive spread
fitness,favorite amazon fitness products memorial stock xa0now
fitness,takes bodybuilding clare morrow
fitness,possibly could fitness related peachey extended season whereas salmon later might extra
fitness,rohit betting rohit series rohit survives fitness issues
fitness,always learning bredagh coaches across codes night cherryvale session fitness hosted senior camogie coach boyle thanks fantastic evening
fitness,physical fitness vanity there things exercise mentally helps clear headed stressed
fitness,posted photo fitness
fitness,fitness first xlarat berat
fitness,after minutes working exercise
fitness,class photoshoot class fitness
fitness,there homeopathic doctor teacher principal steroid taker fitness freak earlier himself gyaan dowry bhari gyaan flush
fitness,fitness freak consume cream
fitness,steak
fitness,onboard players believe fitness currently polygon audio running where world
fitness,offense partake unimportant event where arrogance simply which supercool empty comparison messi weghorst world called
fitness,kinda curious husky middle denim wearing these fitness coaches field change siphons ripped shredded after starting while draining lagers
fitness,fitness
fitness,these
fitness,fitness instructor still worry x94about being exercising
fitness,double monday
fitness,always thought fitness about looking outside actually about inner journey discovery defining yourself through fitness empowering experience
fitness,herbal weight boost metabolism science about drinking herbal effect weight
fitness,where alliance those fitness officially birra graduating nevermind worldwide
fitness,fiction intermittent fasting better eating frequently
fitness,people there mouth doing planet fitness
fitness,fitness
fitness,tennis is webflow template fitness category supports ecommerce and cms and sells
fitness,limited edition muscle stimulator fitness lifting abdominal trainer active muscle stimulator fitness lifting abdominal trainer
fitness,house monday night football supporting daily basis helping fitness health wellbeing getting together important going great great
fitness,first little planet fitness basic membership upgraded simple routine everything takes think
fitness,succeed after yeshiva short spirituality family business fitness 
fitness,still flabbergasted fitness exists
fitness,before debut septimo dragon seminar aliados enemigos despiritu fitness center xbause espirituoniwtv watch online
fitness,crowdsourced flows through network perhaps consumed drive impactful social metaverse fitness fractional ownership models digital immortality political activism predictive maintenance
fitness,former blues frank leboeuf slams cucurella reece james chilwell fitness because graham potter cucurella anymore respect cucurella enough
fitness,replace not healthy snack fruits dates seeds natural preservative order
fitness,group senior personal fitness training available gimnasio arboleas improve physical condition mental being
fitness,literally veggie straws pretty every ranch cheddar but never these existed sugar whole calories
fitness,benefits using cross sales funnel fitness industry offer related products services increase revenue customer
fitness,truly mostly world fitness people maybe become young
fitness,obsessed taking fitness habis
fitness,little months results paring nutrition going consistently possible possible alone about goals
fitness,needs summer focused fitness plans these challenges efficiently visit healthik which delivers healthy wellness follow summer
fitness,everyone house crypto fitness challenge
fitness,chasing perfection journey healing fitness 
fitness,shout young people working achieve financial freedom friend developer drives hustle music films certified personal trainer fitness
fitness,mental fitness cards exercises healthy brain aerobics 
fitness,pathetic marco veronica planet fitness edinger obvious sleeping together complain about policies
fitness,think making money there where wrong between making fitness beauty routine photos shoots exhausting keeping clients messages promoting yourself every
fitness,recruit elected physical fitness requirements
fitness,forgot selfie forget calgary alberta
fitness,business fitness webinar reset given chano 
fitness,nothing beats running feeling finished getting thank encouragement motivation
fitness,years
fitness,slayer entered planet fitness
fitness,assembly including fitness other important players before results
fitness,morning zimbabwe celofitness fitness lifestyle
fitness,higher female
fitness,branch warren wishes could olympia weighs joint retirement
fitness,embroidered loose sports trousers fitness casual stretchy versatile fashionable drawstring pants search 
fitness,fitness enthusiasts pomegranate drink beetroot juice
fitness,congratulations winning challenge organized fitness lifestyle token appreciation special shipped
fitness,exactly fitness couldn wrong
fitness,content always mental health fitness health mental wellness content shared really insightful threads about mental health
fitness,ideal aesthetic somewhere between fitness girlboss bimbo barbiedoll
fitness,organised fitness physical activities locals
fitness,organised fitness physical activities locals
fitness,fitness
fitness,motivating factor campaign nothing other saving lives people joined campaign their fitness campaign something safety advocate
fitness,fitness really important public permanent workout equipment proceed workout
fitness,honestly ramping fitness really might difference given biggest difference pounds
fitness,field meetups creatives hiking trails movie theaters museums lectures concerts cities restaurants fitness centers parks cetera cetera
fitness,anulom vilom breathing
fitness,fitness slimming shaping bands unisex sculpting smart sleeves cover
fitness,fitness slimming shaping bands unisex sculpting smart sleeves cover
fitness,south kashmir pencaksilat championship under auspices civic action programme indoor stadium
fitness,garmin latest wearable runner triathletes add morning report track daily fitness
fitness,fitbit charge dropped back time price price black friday tidy discount usual named charge best overall tracker guide gave
fitness,save lifetime fitness training
fitness,emma raducanu said trying expect much bid return full fitness time next week australian open rolling ankle tune event last week
fitness,host south africa dropped regular captain dane niekerk woman twenty world squad rounder failed meet fitness requirement
fitness,weekly interview object australian tour fitness star share craving cold worst held backpacker read three thing interview weekend culture lifestyle
fitness,amazfit rolled latest model series affordable smartwatches coming heel mini confusing product
fitness,british taking ahead year first major raducanu completes tentative training monday emma raducanu remains hopeful ready compete australian open attempt recover
fitness,garmin dedicated electrocardiogram despite health focus wearable filling today company introduced simply titled like equivalent device study heart rhythm
fitness,garmin best fitness watch brand serious athlete could help better health tracking
fitness,based personal fitness everyone handy tool improve specific muscle without overtraining
fitness,recent year lululemon moved sneaker bought home fitness company mirror million
fitness,team instructor focus personalized experience chrome cycle built community loyal customer
fitness,manchester united manager erik suggested anthony martial doubtful feature wednesday premier league game crystal palace fitness concern signing wout weghorst available boost attacking option
fitness,paris germain coach christophe galtier keep close player fitness manage squad rotation carefully ligue side enters congested fixture could make break season
fitness,novak djokovic track record extending australian open title question mark remain fitness ahead monday fourth round clash alex minaur injured left hamstring continues cause problem
fitness,still trying year resolution active quest daily move goal perfect fitness tool
fitness,rounder given every chance prove fitness capsey broke collarbone last month west indie england rounder alice capsey given every opportunity prove fitness next month woman
fitness,lifestyle overhaul often doomed fail especially depth winter take advice know follow relaxed route healthier habitsan fitness campaign often seems like good idea start year
fitness,time take make build core muscle increase flexibility stave effect sitting desk dayone toughest aspect building year fitness habit finding time even
fitness,open champion suffered ankle sprain classic raducanu head melbourne test result decide fate emma raducanu heading melbourne face nervous wait healthy enough compete
fitness,swallow make summer sure count four instance product trend certainly interesting thread year year show quartet company showing urine analysis tool designed
fitness,donna vekic reached grand slam quarter final first time since monday australian open year said verge retiring struggling form fitness following knee surgery year
fitness,peloton interactive href http reuters company pton target blank pton named former twitter executive leslie berland chief marketing officer tuesday high flying connected fitness equipment work recha
fitness,peloton interactive href http reuters company pton target blank pton effort cost latest quarter helped fitness equipment maker burn le cash mean le hurdle road
fitness,another long office poor night sleep usual exhausted want stop home exercise need stay healthy
fitness,netflix fitness content nike training club limited hard search enticing
fitness,pelonton upbeat even company failed turn profit last quarter question viability business
fitness,australian influencer ruby tuesday matthew faced accusation saying took part eight week fitness challenge post pregnancy
fitness,squeeze step fitness expert suggest creating competition hosting mobile meeting designing indoor circuit getting borrowing
fitness,lack urgency first half uswnt settled made rotation cruised past zealand showing squad depth fitness
fitness,meta chief product officer chris claim metaverse become part consumer life smartphone company work create bigger edge digital world read
fitness,commentary glass hold immediate future already front
fitness,update brought ability view wellness information nest order actually feature need first enable
fitness,worked home twelve plus year kid covid lockdown realized much world shrunk wife us work spent day getting around foot using local
fitness,brandon marshall break house athlete company dedicated improving mental physical health athlete
fitness,going walk improve health massively also tracked using number tool including apple watch fitbit smartwatches
fitness,derby fever grip premier league preview slate start manchester finish north londonsaturday sport venue trafford last season manchester united manchester city continue reading
fitness,follow beauty tutorial fashion tip fitness biggest influencers
fitness,valuable lesser known health feature apple watch cardio fitness measurement based apple watch estimate recording three specific workout follow along look cardio fitness
fitness,google made possible link fitbit google assistant allows assistant different health metric without opening specific
fitness,latest poll reader prefer connectivity smartwatches
fitness,apple fitness joined workout streaming movement december good start barely afloat next shiny competitor brimming personality ever shifting online fitness market took year apple realize
fitness,step away healthier life cost fortune track habit
fitness,canceling plan even show engadget team sent dozen staffer year show busy pandemic year many event packed company plenty announcement
fitness,kyrgios play novak djokovic game charity january australian star reveals chaotic past netflix documentary australian tennis wild child nick kyrgios confirmed long awaited comeback injury
fitness,would like hear year resolution whether broken notfor many year begin self improvement pledge learning skill starting fitness regime eating le chocolate
fitness,manchester united manager rush forward back sancho good direction ready say erik admits impatient jadon sancho available force process hurdl
fitness,american horror story screenshot year time sign membership weight join exercise class take workout seriously told bloodthirsty maniac also enjoy pursuit
fitness,denmark midfielder discus online fitness company stopping month father died world dreamsanne troelsgaard admission normal professional football player instead winding training
fitness,amazon today solid deal numerous model apple watch ultra priced compared previous sale price higher time price ultra holiday make amazon
fitness,kickboxing instructor think apple fitness kickboxing class work home former exercise science lecturer credentialed student well kickboxing instructor excited apple expandin
fitness,subscription changing health fitness tracker forcing change think
fitness,screenless health fitness tracker best wearing oura ring whoop long period time find
fitness,world number carlos alcaraz play australian open picking right muscle injury season training spaniard said friday
fitness,world number carlos alcaraz begin season clay next month argentina open forced pull australian open right injury
fitness,south africa woman cricket team given rounder marizanne kapp compassionate leave wife dane niekerk dropped woman twenty world squad
fitness,australia competition regulator said friday would check whether influencers social medium platform failed disclose affiliation brand promoting
fitness,road fitness downright brutal beginner kickstart workout journey smart exercise gadget work iphone kickstart fitness journey smart exercise gadgetsthese enabled workout
fitness,jabeur took year reach grand slam final losing title clash wimbledon open last year deterred tunisian look primed major silverware attempt break ground
fitness,google goal make easy track health wellness goal phone smartwatch wearos
fitness,ultimate smartwatch fitness functionality
fitness,thank sponsor making content possible written editorial staff necessarily reflect view stepping year resolution whether fitness goal incr
fitness,exercise equipment achieve fitness goal brand year year usually brings whole bunch fitness goal health resolution
fitness,welcome hubspot marketing news campaign deep dive latest marketing industry news tried true insight hubspot medium team
fitness,best launched first great sale event slashing price popular tech
fitness,hotel riomar boutique hotel ibiza embrace century layered interior celebrating nostalgic quality past
fitness,free parkruns youtube video apps active without spend muchif want joining often starting point financial pressure caused cost living crisis mean many briton committi
fitness,chatbot chatgpt kann fitness ratschl trainingspl erstellen klingen teilweise schon beeindruckend aber sollte nicht ernst nehmen
fitness,gatorade long leader among sport drink brightly colored beverage designed replenish electrolyte lost sweat rival powerade hoping revamped recipe look help finally unseat gatorade
fitness,italy named flyhalf paolo garbisi squad first nation match france england recovered knee problem threatened participation tournament
fitness,world number rafa nadal sidelined eight week flexor injury suffered second round loss australian open spaniard team said thursday
fitness,stevenage bos steve evans said upset aston villa sunday tale tell grandchild year fourth tier club knocked premier league side third round
fitness,anonymous reader quote report techcrunch federal regulator occupational safety health administration osha found three amazon warehouse facility violated legislation designed require employer provide safe working
fitness,jessica fernandez called fitness influencer joey swoll called weirdo tiktok video received severe backlash
fitness,powerful berlin prize winner mix smartphone footage allegorical segment expose trauma coupthe catching viral image myanmar military coup come remarkable video fitness instructor performs
fitness,withstand weight mind high cost nothing hold back achieving time garmin flagship running watch
fitness,blue chairman wandering around football shark infested casino hall sack money asking play blackjackas ever admire football inexhaustible dramatic energy week element perfect comic timing
fitness,defending single champion wary tough test emma raducanu confirms fitness tournament sense jack draper year training practice court wimbledon learned
fitness,fast bowler raring reclaim ash home soil joyous period shovelling lot feeding lot dog therapy dog found providing comfort everyone stressed student nervous flyer necessarily
fitness,machine mirror grunting gym offputting place taking first step towards fitness answer thing life swimming public speaking taking radiator wall terrifying
fitness,twelve week brief intense interval exercise improved index cardiometabolic health extent traditional endurance training sedentary despite five fold lower exercise volume time commitment
fitness,focusable free website started using start school year tool anyone teach focus completing difficult task ignore cheap social medium distraction recharge completing
fitness,swimproof halo band halo view fitness tracker solid fitbit alternative help stay motivated year
fitness,adding short walking interval run easy garmin fitness tracker
fitness,wide range company made page list creditor bankman fried failed crypto exchange owes money
fitness,juventus manager massimiliano allegri paid tribute former italy striker gianluca vialli href lifestyle sport former italy striker vialli dy aged ansa died cancer saying friday example
fitness,manchester united made huge progress since thrashing rival manchester city october coach erik said lesson learned loss standing good stead return derby clash saturday
fitness,indian captain rohit sharma batsman virat kohli play international series zealand month feature following twenty series board control cricket india bcci said friday
fitness,liverpool juergen klopp called side disciplined defence prepare face brighton hove albion sunday fourth round week humiliating premier league loss opponent
fitness,andy murray said much comfortable taking player early grand slam year former world number prepares battle serving matteo berrettini australian open first round
fitness,rafa nadal said would plot path back tour firm prognosis troubling problem short australian open conceding growing weight injury taking heavy toll
fitness,asset manager legal general href http reuters company lgen target blank lgen plan take rare step voting oust energy group capricorn href http reuters company target blank
fitness,preorder samsung galaxy book book early access book ultra
fitness,samsung galaxy series available february detail know ultra
fitness,fitness looking extra motivation five online community check
fitness,maintain health fitness regime privacy installing wger workout manager raspberry
fitness,iphone successful workout best fitness widget show data need lock screen
fitness,sometimes fitness apps negative effect mental health refreshing apps promote physical mental well
fitness,draper loses defending champion cameron norrie second round aasche past seven month established level professional tennis jack draper stood acro
anabolic steroids,legalize anabolic steroids
anabolic steroids,posts mediocre physique imaginable legalize anabolic steroids
anabolic steroids,asthma inhalers anabolic steroids
anabolic steroids,given started conversation about effects anabolic steroids stimulants alcohol libido
anabolic steroids,three listed studies stating anabolic steroids cause average diastolic measurement systolic subjects taken illicit anabolics stanozolol nandrolone hardly cocaine
anabolic steroids,legalize anabolic steroids
anabolic steroids,immigration financial equivalent taking massive doses anabolic steroids expecting results
anabolic steroids,evolvement anabolic steroids
anabolic steroids,anabolic steroids
anabolic steroids,finally understand fillers implants things liken anabolic steroids would botox steroids
anabolic steroids,everyone outrage gorged anabolic steroids twinkies crystal
anabolic steroids,appears deceptively pretending follow shots often below think carnivores pretend problem keeping weight especially evenly enter anabolic steroids famously liver
anabolic steroids,every player single ingests counter inflammatory reliever illegal anabolic steroids intentionally those around anything helped
anabolic steroids,breaking arsenal whistleblower talking widespread anabolic steroids training ground cocaine match
anabolic steroids,study athletes course still explained transmen being anabolic steroids enable transition these again trans women having clear athletic advantage females
anabolic steroids,anabolic steroids
anabolic steroids,people otherwise physique achievable thinking about going least people cycles anabolic steroids grinding fellas
anabolic steroids,argument beard drown anabolic steroids
anabolic steroids,theres legalize anabolic steroids
anabolic steroids,medications probably associated risperidone verapamil amlodipine nifedipine anabolic steroids alcohol
anabolic steroids,never tried through obstacles which anabolic steroids
anabolic steroids,would thought hollywood human pharma grade anabolic steroids getting noticeably equine making wonder cutting costs going veterinary grade fitness shortcut never endorse
anabolic steroids,anabolic steroids tokopedia
anabolic steroids,bless anabolic steroids
anabolic steroids,those anabolic steroids turned brain
anabolic steroids,getting privately stopping using steroid injections hayfever injecting steroids quite severe effects recommend arthritis other joint problems inflammatory anabolic
anabolic steroids,intelligent laugh stupidest remarks malaprops suggesting sense humor destroyed ability advertise bulldog motif beginning wonder about anabolic steroids
anabolic steroids,supra physiological doses anabolic androgenic steroids impact erythropoietin blood parameters
anabolic steroids,legalice anabolic steroids
anabolic steroids,saying chronic anabolic steroids cause enlarged heart which causes heart failure quick google search before someone idiot person factually speaking
anabolic steroids,police pitbulls dogfighters dogfighter attacked cannot dogfighter whose ripped pitbulls
anabolic steroids,athlete anabolic steroids build muscle strength because stopped
anabolic steroids,results after first lifting anabolic steroids
anabolic steroids,bunch bimbos image juicer motivate reading promoting anabolic steroids
anabolic steroids,legalize anabolic steroids
anabolic steroids,usage anabolic androgenic steroids associated large decrease levels elevated reduced levels which reversible cessation usage
anabolic steroids,tried getting regular primary physician easier trying anabolic steroids first regular doctor going monthly blood draws likely quarterly physicals simple anyone
anabolic steroids,sarcasm anabolic steroids
anabolic steroids,anabolic androgenic steroids several adverse effects cardiovascular system sudden cardiac death steroids kadyrov better
anabolic steroids,empathogens mescaline peyote molly mushrooms spore prints nbome dissociatives ibogain ketamine performance anabolic steroids growth hormone weight stimulants amphetamine cocaine kratom nicotine prescription
anabolic steroids,fertility centre kolhapur cigarette smoking alcohol marijuana anabolic steroids taking medications treat bacterial infections blood pressure depression affect fertility facing above problems
anabolic steroids,american police officers black civilians aggressive suggesting anabolic steroids
anabolic steroids,there forgive topical cream steroid completely different anabolic steroids virtually competitive especially since training injury x9ccracking steroid
anabolic steroids,anabolic steroids cycling paramount order properly saying
anabolic steroids,anabolic steroids
anabolic steroids,nothing anabolic steroids
anabolic steroids,check article member tjeerd zeeuw anabolic androgenic steroid patterns steroid disorders sample visitors
anabolic steroids,strange similar people perceiving others choose biological anabolic steroids become muscular
anabolic steroids,consume steroids peptides other synthetic anabolic stuffs
anabolic steroids,government should personal trainers injection anabolic steroids muscle implants should taught threaten suicide doing right
anabolic steroids,build yourself frame powerful physical mental stamina process patient takes years protein powders steroids anabolic injections fibrous carbs cleanse liver brain
anabolic steroids,anabolic steroids
anabolic steroids,thoughts gymrats
anabolic steroids,build yourself frame powerful physical mental stamina process patient takes years protein powders steroids anabolic injections fibrous carbs cleanse liver brain
anabolic steroids,proof anabolic steroids destroys brain
anabolic steroids,could given money anabolic steroids could taken business months
anabolic steroids,video effects anabolic steroids training performance performance enhancer
anabolic steroids,young influenced likes suffer indulge dangerous illegal substances anabolic steroids never inclined myself
anabolic steroids,never question topical cream completely different anabolic steroids
anabolic steroids,found sister could shave using anabolic steroids muscular everyone their taste kissed
anabolic steroids,shame anabolic steroids needle
anabolic steroids,legalize anabolic steroids
anabolic steroids,agree getting testosterone blockers guarantee giving anabolic steroids
anabolic steroids,anabolic steroids
anabolic steroids,anabolic steroids
anabolic steroids,legalize anabolic steroids
anabolic steroids,anabolic steroids acute myocardial infarction polycythemia report review literature
anabolic steroids,amphetamines though obviously dangerous nothing comparison anabolic steroids course illegal federal government always dangerous would change about anyone anabolic steroids
anabolic steroids,talking about corticosteroids there states anabolic steroids decriminalised there legislation under which charged personal ownership punishments distribution
anabolic steroids,spent months experimenting athletes using anabolic steroids tested great litmus
anabolic steroids,build yourself frame powerful physical mental stamina process patient takes years protein powders steroids anabolic injections fibrous carbs cleanse liver brain
anabolic steroids,worshipping commie tyranny anabolic steroids
anabolic steroids,anabolic steroids
anabolic steroids,anabolic steroids synthetic versions testosterone banned every possible athletes sexes because beneficial effect
anabolic steroids,canadian olympian markus thormeyer doping after sharing water bottle canadian olympian markus thormeyer doping after while ligandrol superior effect profile anabolic steroids
anabolic steroids,where athletes should anabolic steroids strictly recovery injury
anabolic steroids,looks taking steroids anabolic looks awful
anabolic steroids,build yourself frame powerful physical mental stamina process patient takes years protein powders steroids anabolic injections fibrous carbs cleanse liver brain
anabolic steroids,looks anabolic steroids
anabolic steroids,build yourself frame powerful physical mental stamina process patient takes years protein powders steroids anabolic injections fibrous carbs cleanse liver brain
anabolic steroids,build yourself frame powerful physical mental stamina process patient takes years protein powders steroids anabolic injections fibrous carbs cleanse liver brain
anabolic steroids,effects drugs chemotherapy anabolic steroids birth control pills cause
anabolic steroids,anabolic steroids including testosterone enhance muscle development strength endurance
anabolic steroids,woman haircut breast reduction surgery gives birth whilst taking anabolic steroids
anabolic steroids,birthday anabolic steroids
anabolic steroids,anabolic steroids
anabolic steroids,didny performing enhancers system estrogen supplement argued unlike caught taking anabolic steroids received backdated years claim suffering mental health issues
anabolic steroids,anabolic steroids become roman warrior meant
anabolic steroids,understand anabolics literally treat osteoporosis which doubt condition which bones become brittle steroids strengthen anabolic steroids
anabolic steroids,getting procedure which designed vision eliminate corrective lenses vision eliminate corrective lenses thing label anabolic steroids
anabolic steroids,cheating sport using anabolic steroids
anabolic steroids,anabolic steroids existed ancient civilizations creeps babbling about
anabolic steroids,started building notice testosterone browse anabolic steroids
anabolic steroids,happens anabolic steroids
anabolic steroids,taylornation could tweet legalize anabolic steroids swifties would replies posting selfies caption favorite steroids inspired
anabolic steroids,anabolic steroids
anabolic steroids,anabolic steroids
anabolic steroids,instead repeating slogans string research before speaking pitbull facts
anabolic steroids,anabolic steroids x9cgear helps building muscle faster raising levels testosterone maximize muscle growth strength
anabolic steroids,steroids popular after going meeting people realized these people anabolic steroid thing makes balls shrink stuff
anabolic steroids,former come retirement internal probe sexual misconduct allegation hush money draw close
anabolic steroids,purchase legal steroid south africa looking safe efficient supplement boost performance steroid legal south africa offer variety bodybuilding sport product notion steroid brings
anabolic steroids,four people arrested year found beaten naked side road beech island south carolina
anabolic steroids,steroid australia legal steroid sale australia online updated tribune india steroid singapore anabolic steroid singapore cheap sale price online outlook india best supplement market
anabolic steroids,trying increase muscle mass wondering effective steroid bulk cycle answer dianabol generally considered efficient steroid building muscle
anabolic steroids,unsure legal steroid zealand switzerland available market check impartial review legal steroid zealand switzerland money purchase building right muscle mass among target
anabolic steroids,warrior policing steroid paul butler professor police officer charged beating death year tyre nichols black distraction distracted latest instance police brutality
anabolic steroids,bros shone light using testosterone injection achieve muscular physique columnist alexander chef explores queer history danger
anabolic steroids,anavar oxandrolone review provides step step detail experience using anabolic steroid could anticipate crucial relevant information anavar oxandrolone review important
anabolic steroids,decrease level male hormone testosterone surprise live active lifestyle make conscious decision likely experience male hypogonadism course time safer natural alternative avai
anabolic steroids,review side effect price washington city paper crazybulk safest effective dianabol alternative bodybuilding outlook india view full coverage google news
anabolic steroids,looking boost taking external measure help bodybuilding goal contemplating beginning dianabol consumption familiar bodybuilding world someone suggested dianabol
anabolic steroids,legal alternative best option anavar oxandrolone oxandrolone item market several year specifically since pharmaceutical company searle well known bodybuildin
anabolic steroids,powerful supplement claim help user achieve remarkable gain negative consequence imagine body would change event able optimize natural anabolic process would
anabolic steroids,actually worth price thorough review well known product help thorough honest opinion well picture efficacy impact body user review provide precise inform
anabolic steroids,safe fitness supplement promise give advantage anabolic steroid posing none physical legal danger effect comparable dianabol however legal safe make great
anabolic steroids,exactly anavar oxandrolone anavar oxandrolone oxandrolone anabolic steroid taken orally invented order help increase growth lean muscle people suffering muscle wasting disorder another major goal
anabolic steroids,indian sprinter dutee chand test positive suspended using prohibitive substance news indian sprinter dutee chand test positive prohibitive substance suspended republic world dutee chand suspended
anabolic steroids,exactly hormone keep healthy
anabolic steroids,conversation extreme fitness goal affect mental health
anabolic steroids,looking attain level fitness would reaching goal like many fitness enthusiast devote time working maximize potential bodybuilding despite protein
anabolic steroids,police officer charged beating death year tyre nichols black distraction
anabolic steroids,dianabol testosterone recommended beginner news network
anabolic steroids,popular supplement heard consider legal steroid contains absolutely steroid make healthy ingredient produce similar result help make positive
anabolic steroids,people aware effective oral steroid build strength since strength specific goal fitness people lift weight olympic lifter crossfit athlete sportsman group people would like impro
anabolic steroids,john whitehead nisha whitehead warrior policing steroid paul butler professor police officer charged beating death raging bull blue deadly toll warrior policing steroid
anabolic steroids,imagine possibility building muscle faster thought possible without worrying negative consequence caused illegal bodybuilding supplement blend natural component shown boost testost
anabolic steroids,anabolic steroid classified prescription readily available illegally online social medium james smith previously took drug
anabolic steroids,eating disorder male often unrecognized require treatment addressing overvaluation muscle shape expression
anabolic steroids,infertility drug market share infertility drug market share dublin globe newswire global infertility drug market size
anabolic steroids,global infertility drug market size share industry trend analysis report user distribution channel hospital pharmacy specialty
anabolic steroids,clive globe newswire clive iowa dylan gemelli expert voice behind fitness youtube channel offering
anabolic steroids,high profile killing police unarmed black citizen prompt call reform police latest call coming beating death tyre nichols memphis police reform undertaken
anabolic steroids,dutte silver medal meter meter woman race asian game dutee also bronze asian championship became first indian woman sprinter gold universiade winning
anabolic steroids,medicine used cure infertility improve person reproductive health referred infertility drug ingested administered
anabolic steroids,review best testosterone booster find ranked testosterone booster pill effective supplement brand market
anabolic steroids,health condition lifestyle habit interfere production essential hormone
anabolic steroids,unsure best supplement boost growth muscle unsure whether take supplement increase muscle mass question regarding benefit supplement growth
anabolic steroids,many young guy fantasy becoming bodybuilder even putting significant amount time observe progress
anabolic steroids,india sprinter dutee chand tested positive prohibited anabolic steroid competition testing provisionally suspended
anabolic steroids,dutee chand asian game medalist silver metre metre woman race event dutee also took bronze asian championship
anabolic steroids,sport news celebrated indian sprinter dutee chand tested positive prohibited anabolic steroid competition testing provisio
anabolic steroids,india sprinter dutee chand reportedly tested positive prohibited anabolic steroid competition testing said aware matter
anabolic steroids,majority effective counter testosterone booster inform fable impossible increase testosterone level without external testosterone injection common belief becau
anabolic steroids,testosterone booster find right benefit want
anabolic steroids,american pain pharmaceutical company kept shelf stocked addictive pill helped seed overdose epidemic claimed hundred thousand life writes filmmaker journalist darren foster
anabolic steroids,rated supplement specially formulated increase testosterone level improve strength stamen support overall sexual health
anabolic steroids,celebrated indian sprinter dutee chand tested positive prohibited anabolic steroid competition testing provisionally suspended urine sample year finished second event
anabolic steroids,building body robust strong muscle child play body strong unbreakable castle cannot constructed overnight take month dedication perseverance running long hour lifting weight
anabolic steroids,day bruising defamation action rocked elite world irish horseracing senior counsel mark harty asked question struck heart case ldquo offer explanation person wanted inve
anabolic steroids,modern vascular market cutting edge vascular procedure republic found questionable investment practice high billing claim harm patient
anabolic steroids,become used self evident lie public life confession matter hedged begrudging seems like revelation
anabolic steroids,dublin globe newswire global infertility drug market size share industry trend analysis report user distribution channel hospital pharmacy specialty retail pharmacy online pharmacy drug class regional
anabolic steroids,everyone approach weight reduction differently ultimate objective everyone everyone main weight reduction objective involves
anabolic steroids,supplement industry never disappointed people gaining want supplement used bodybuilder want quick success development body live fast paced world busy deal work life balance
anabolic steroids,medicine used cure infertility improve person reproductive health referred infertility drug ingested administered intravenously gonadotrophin aromatase inhibitor selective oestrogen receptor modulators serms bigu
anabolic steroids,litvinov said handed detail case athletics integrity unit oversees integrity issue international athletics including doping
anabolic steroids,testosterone level result weight gain muscle mass loss suffer libido trouble erection mood swing experience fatigue however method boost healthy testosterone production prevent unpleasant
anabolic steroids,rebecca lorch champion strongwoman winner america strongest woman competition weight class
anabolic steroids,capital nairobi anti doping agency kenya adak sanctioned athlete various offence country step effort fight drug cheat
anabolic steroids,best weight loss supplement burning pill benzinga weight loss pill benefit side effect weight loss drug hindustan time best diabetes drug weight loss counter
anabolic steroids,geneva former russian hammer thrower sergei litvinov admitted using banned substance benefiting country cover system athletics authority handed year suspension voided past result took doping
anabolic steroids,baseball hall fame gained worthy member scott rolen membership mish mash dumb exclusion weak inclusion
anabolic steroids,arvind vaidya india international banned year testing positive diuretic masking agent chlortalidone
anabolic steroids,beech island wrdw wagt gray news four people arrested including current teacher aiken county south carolina year found beaten lying naked side road found early blackstone
anabolic steroids,vanishing dream starter home death signature selected best long read week star
anabolic steroids,many social medium health influencers justifiably outraged surprised revelation liver king grows muscle anabolic steroid liver liver contains many harmful bacteria parasite hormone toxic substance
anabolic steroids,dublin prnewswire global infertility drug market size share industry trend analysis report user distribution channel hospital pharmacy specialty retail pharmacy online pharmacy drug class regional
anabolic steroids,racine county sentenced prison pleading guilty child pornography drug charge caledonia home searched
anabolic steroids,former russian hammer thrower sergei litvinov admitted using banned substance benefiting country cover system athletics authority handed year suspension voided past result
anabolic steroids,director governing body irish horse racing discussed possible suspension sport rsquo chief investigator shortly sued powerful trainer rsquo association defend good name
anabolic steroids,canadian researcher drawing attention increasing prevalence pathological pursuit muscularity among canadian boy young study found four risk developing known muscle dysmorphia
supplements,seeing health supplements going viral drink water vegetable season
supplements,natural medicines adaptogenic herbs supplements functional mushrooms bacopa monnieri ginseng gingko reishi chaga tulsi ashwagandha amazing things cognitive function memory
supplements,check product vitamin capsules supplements starting
supplements,always doing vegan wrong never eating foods little nutrients bioavailable entire planet destroy nature build enough factories manufacture transport needed supplements
supplements,after taking those supplements
supplements,truth about supplements
supplements,whole spirit moved alignment vitamin supplements
supplements,those companies hyping silly supplements almost benefit pretending solve problems pathetic
supplements,think happens someone testosterone supplements whether teenage hypogonadism teenager gender dysphoria stops taking
supplements,supplements nigga horny
supplements,those directed mineral supplements morning should consume supplements balanced fiber carbohydrates quality protein taking soluble consuming healthy absorption
supplements,rogan selling supplements
supplements,vitamin supplements theyre pills plastic powder inside supposed swallow powder
supplements,pediatric edible poisonings grown according federal pediatric poisonings acetaminophen dietary supplements bleach
supplements,healthy happy heart bookmark supplements article
supplements,south korea health supplements ingredients imports
supplements,natural products detox ulcers acidity immunity boost joint weight weight constipation skin hormonal balance diabetes kids supplements bedroom memory boost dental health contact 
supplements,vitamins supplements before taking
supplements,victor saying years other selling clean supplements there knockouts company apart problem everyone industry knows about
supplements,having without sugar break supplements break
supplements,started taking supplements about chart negative certainly helps covid other video shared another points outside sunshine possible thought
supplements,lowliest called human neanderthal supplements person avoiding costs
supplements,realize conspiracy theorists money perpetuating false narrative right their supplements subscriptions substacks
supplements,probiotic watch video share comment
supplements,sometimes taking bedtime pills sunshine treat sorry trazodone these supplements
supplements,these anniversary articles supplements
supplements,because skipped supplements boost natural immune system straight inject vaccine unknown effects
supplements,really someone wanted supplements billion dollars supplement industry pharma horse paste
supplements,delhi population exposure winter everyday public dealing vitamin supplements instead sitting while especially younger generation
supplements,herbal products vitamins supplements herbal remedies
supplements,workout supplements amount caffeine other supplements improve transport taking creatine supplement doesn effects interfere natural ability produce
supplements,sounds needs supplements little pencil
supplements,health supplements active tweets
supplements,eating smart simple healthier
supplements,supplements needed
supplements,looking achieve healthy lifestyle improve health affordable natural probiotic supplements
supplements,vitamin supplements could prevent diabetes
supplements,please include about battling cancer significance healthy nutrition support terrain while fights battle tumeric medicinal mushrooms supplements every oncologist should insist
supplements,customs classification imported goods products preparation animal supplements confronted specific classification entry residuary classification entry favour specific
supplements,display thoughts which greatly reduce weight hastily
supplements,changed about myself seamoss removing adding fruit water supplements after workouts again
supplements,literally vitamin supplements spiral depression
supplements,proclaimed serial entrepreneur dozen programs including reselling electricity products fitness supplements while right insurance agent loops travel sports
supplements,truth about supplements slant really
supplements,chillier months limit spent outdoors tuskca calcium
supplements,wanted supplements
supplements,never allopathic drugs since childhood plants dandelion artemisia superfood dietary additives moringa mineral vitamin supplements
supplements,vitamin supplements could prevent diabetes
supplements,choose supplements weight loss
supplements,issue omega omega ratio taking omega supplements average american benefit omega extremely fragile making prone oxidation which exactly happen highly inflammatory american
supplements,building needs right supplements
supplements,possible residents student accommodation complete medicare sophisticated knowledge guiding dietary supplements physical health
supplements,allopathic doctor knows nutritional supplements similar engineer knows cement mixture
supplements,which supplements should everyday
supplements,online recently collagen supplements
supplements,health wellness goals reality pharmaceutical grade nutritional supplements protocols selected products effectively deficiencies balance hormones
supplements,testosterone check something should doing someone certain mention taking supplements transitioning
supplements,supplements
supplements,there influence social media webinars people trying profit selling their supplements
supplements,supplements better regulated while companies allowed additives haven approved
supplements,firstly should supplements natural balanced means grass eating might spectrum knowledge certain asian other countries about eating
supplements,forgotten shelf space american pharmacies dedicated snake supplements
supplements,quess gersons latest edition gerson therapy follow difficult protocol place administers vitamin supplements proposing
supplements,maximize benefits supplements choose quality products follow proper dosage consult healthcare professional effective
supplements,maintain weight continue lifestyle
supplements,professional builder supplements today really
supplements,vitamines health original alanine sports nutrition workout powder women workout energy drink supplements creatine monohydrate servings
supplements,boron itself popular ingredient testosterone boosters claimed raise testosterone levels claim reliable substance really
supplements,taking supplements
supplements,believe follow actually knows think particularly about herbal supplements which prefer
supplements,doing exercise session weight supplements vitamin magnesium steak broccoli mushroom coffees water workout
supplements,items flipped supplements profit women bootw profit legos profit everything demand resellers
supplements,recommend vitamin supplements vitamin longer considered vitamin hormone should produce vitamin dairy stand producing enough defines inadequate functioning liver kidney
supplements,sorry really hoping would around supplements
supplements,lightning coming still rewriting supplements
supplements,level detected immediate injection supplements prescribed myself tested developed
supplements,supplements without expert advice taken amounts damage kidneys
supplements,review finds reduce attacks taking vitamin supplements reduce asthma attacks children adults according updated cochrane review
supplements,speciality taking sleep supplements getting sleepy couch turning podcast asleep getting invested staying
supplements,simply doesn least maybe vitamins caffeine couple supplements annoying constantly knowing
supplements,emulsifier stabiliser typically bakery products candies snacks health supplements
supplements,pretty vitamin supplements hardly sunscreen might reason
supplements,feeling dizzy recently squinting about everything either probably taking supplements glasses which probably because about blind after
supplements,never trust governments money taking nitric oxide supplements years great
supplements,marine muscle american premium steroid alternative supplements availab
supplements,supplements again infusion years
supplements,sometimes pretend strong front trainer today little succeed this gulped unsure besides haven really destroyed chest lately supplements
supplements,offered bongino course owered vitamin supplements reply reply spinal tumor pulled spinal should checked monthly after surgery years
supplements,islam supplements built different
supplements,answer revela pretty thing market better supplements founded harvard princeton scientists
supplements,dealer supplements
supplements,actually loved thought great needed supplements
supplements,check great content supplements other treatments
supplements,supplements
supplements,gotcha supplements infusions today
supplements,forgot update finished bottle slight affect think different supplements recommendations please
supplements,clothes things herbal supplements online where right outlay weeks electric drill stockpile things downhill
supplements,preventive antibiotics healthy appetite still prescribed supplements vitamin minerals
supplements,impose women supplements
supplements,feeling winter blues energy levels boost vitamin supplements
supplements,vitamin powerful antioxidant need know adding supplement diet
supplements,need powerful antioxidant diet
supplements,health test report suggest bryan johnson heart year get erection like teenager bloomberg reported
supplements,move line company environmental strategy achieve zero emission
supplements,say enough evidence confirm safe food dietary supplement
supplements,great store medication vitamin supplement weekly pill case ikigai sophisticated vessel help user keep organized especially useful travel frequently aluminum case durable minimal engr
supplements,comment
supplements,week veganuary wondering keep plant based lifestyle going whether worried supplement expense food aversion everything need knowwe know veganism good idea better
supplements,talk poop know shape color size
supplements,alfredo cospito italian anarchist leader jailed strict isolation entered hunger strike friday warning multiplied life risk
supplements,wonder super rich funding anti ageing research getting older must look lovely afford climate controlled islandthe anti ageing industry hotting advertising snail sheep placenta facial algori
supplements,swallow make summer sure count four instance product trend certainly interesting thread year year show quartet company showing urine analysis tool designed
supplements,five popular method often fail alternative likely lead long term success
supplements,study cleveland clinic researcher find direct link consumption blood clotting study author told reuters user online sharing headline misrepresents finding scientist warning
supplements,looking level free time check playing entrepreneur week
supplements,great product building community still crucial business startup decade must follow vastly different playbook
supplements,taking dietary supplement alongside cancer therapy reduce effect treatment patient doctor talk supplement potential risk
supplements,bunker
supplements,local news outlet many bahamian creditor owed tiny sum list show extent tie country economy
supplements,many chinese herb boosting productivity year help
supplements,qnet investigated indian authority suspected money laundering
supplements,wizard arrives precisely mean without mate premature ejaculation supplement might choice
supplements,microsoft founder lead investment rumin developing supplement cow methane outputbill gate investment australian company aiming feed seaweed cow order reduce planet heating
supplements,participant took supplement three year brain almost year younger
supplements,cognitive enhancer like nootropics nutritional supplement fashionable really work
supplements,eating amino acid serine glycine decreased amount nerve damage pain mouse diabetes
supplements,vitamin supplement reduce risk suicide attempt self harm veteran study say particular black veteran blood level vitamin significant response supplement
supplements,supplement found increase cancer risk dos recommended daily intake
supplements,supplement food dairy liver salmon egg rectify vitamin deficiency
supplements,total body health personal supplement routine
supplements,researcher australia demonstrated specially engineered form fermentable fiber lower blood pressure patient hypertension randomized placebo controlled trial revealed three week dietary supplementation decreased blood
supplements,people taking supplement vitamin able case lose weight without making lifestyle change
supplements,microbiome still important talked expert help back track
supplements,sesame allergen labeling food package required january according
supplements,mighty petz amazon mighty petz soft chew treat supplement sale price listed shipping free prime order list note must logged clip
supplements,review dietary supplement cardiovascular health reveals nutrient beneficial effect damaging
supplements,struggle interesting real cultural anthropologist explores expressive individualism intensified past decade trying interesting often take time money intere
supplements,vitamin supplement hailed remedy everything weight loss infertility alzheimer really help
supplements,week reader meta apple amazon alphabet reported earnings last day well outlook bleak
supplements,penny every time sailed cruise surrounded lovey dovey couple could book another sailing world expensive luxury vessel secret ship cabin generally designed double occupancy meaning
supplements,angeles leading national boom catering sober curious lois beckett get inside look scene plus cocktail recipesbrianda gonzalez grew avalon resort town island coast angeles bar
supplements,bill gate interest battling climate change well known latest investment aim help reduce methane emission tackling burp
supplements,bloomberg published article week bryan johnson previously sold payment processing company ebay cash back naturally used newfound wealth johnson ultrawealthy soft
supplements,vitamin metabolized differently people elevated body mass index large study find
supplements,vitamin widely promoted better health overweight might reap benefit
supplements,inflation showing sign cooling recently macroeconomic headwind expected keep food price elevated moreover grocery store stock tend good hedge amid market
supplements,microalgae widely used product biofuels nutritional supplement cosmetic newly described type found home aquarium could prove particularly useful continue readingcategory sciencetags algae university
supplements,amazon count nature bounty acidophilus daily probiotic supplement sale follow instruction shipping free prime order note
supplements,antioxidant often advertised cure nutrition offered dietary supplement however body also produce radical scavenger coenzyme researcher planck institute biology aging
supplements,many reader know mixed cannabis industry market showed healthy growth legal cannabis sale declined many mature market slowing even reversing growth market might attributable
supplements,cognitive performance lifetime improved taking antioxidant vitamin regularly
supplements,cognitive performance lifetime improved taking antioxidant vitamin regularly
supplements,brown supplement kerry food business news
supplements,helen london scientist debating much fortify food folic acid help prevent birth defect first
supplements,quarter people vitamin deficiency
supplements,optimal daily dose omega fatty acid lower blood pressure
supplements,excited
supplements,evvy mapping woman vaginal microbiomes coupling diagnostic tool treatment woman turn evvy vaginal health need say founder priyanka jain laine bruzek
supplements,natural supplement plan construct building cultivation manufacturing distributing retail operation
supplements,article explore basic marketing compliance discus consideration business ass creating marketing plan
supplements,ideally getting nutrient body requires real food pill powder effective thing
supplements,company founded doctor licensed herbalist mount sunny take holistic approach wellness utilizing power adaptogens traditional chinese herb mushroom bring balance body mind ingredient carefully chosen
supplements,amazon count chex snack bar birthday cake clip coupon product page check subscribe save
supplements,enhance brain longevity simple tool
supplements,apple working restructuring service division account departure service executive peter stern report business insider stern serf apple vice president service overseeing apple sport apple news icloud
supplements,around people vitamin deficiency
supplements,ashley harmon share desire create solution health need community often overlooked supplement industry addition share science behind team multivitamin path scaling word wisdom
supplements,depending body need specific supplement shelf help enhance wellness journey formula designed support show best version
supplements,global wellness supplement market global wellness supplement market dublin globe newswire wellness supplement global market
supplements,could prevent developing goiter thing
supplements,researcher developed sustainable inexpensive step process upcycle organic carbon waste including lignin difficult breakdown material give plant structure processing waste microbe driven biorefinery
supplements,kidney disease risk hyperkalemia high blood potassium level especially already kidney failure
supplements,asked expert buzzy supplement like athletic green bloom really improve health
supplements,ready snooze
supplements,bonus simultaneously help ease wrinkle nbsp
supplements,eye might happy switch
supplements,supplement improved memory learning function comparison placebo group
supplements,people take much vitamin likely heart attack stroke
supplements,daily supplementation nutrient lower heart disease death major vascular event
supplements,australian startup make feed additive livestock reduce methane emission caught attention billionaire philanthropist bill gate climate tech investing fund read
supplements,benjamin button nothing software developer well claim aging backwards catch cost figure annually year bryan johnson say hack costing million
supplements,cornell wage atlas show york state earns living wage helping policymakers stakeholder understand pattern inequality
supplements,inside info turn invisible
supplements,fertility supplement market global outlook forecast report added researchandmarkets offering
supplements,olive multibillion euro global business manuel determined create even bigger market sacred ancient fruit
supplements,ipad enthusiast always dreamed scenario magnetically throw ipad stand begin wirelessly charging magsafe device ipad rumored bring version apple
supplements,case covid morphs mysterious chronic condition known long covid specialist appointment medication daily need family care overwhelm everyone involved
supplements,insurance great parent shield family unfortunate circumstance fetch compare
supplements,wizard coast finally released statement regarding recent controversial decision change open game license work last week report emerged gizmodo said publisher wizard coast would revising open gaming
supplements,wellness supplement global market report report added researchandmarkets offering
supplements,growth prospect grocery industry anticipated bolstered improved consumer sentiment surging commerce adoption given backdrop quality grocery store supermarket stock walmart
supplements,concern grow climate impact meat startup look make food plant based made insect grown
supplements,level typically lower body winter month northern latitude
supplements,level typically lower body winter month northern latitude
supplements,lack vitamin percent likely muscle weakness physical disability
supplements,probably good
supplements,find right balance
supplements,light cell action nbsp
supplements,look forward taking rest life
supplements,regimen nbsp
nutrition,article mentions importance nutrition affects nutrition vital everyone cornerstone maintaining overall health
nutrition,horticulture advice biostimulants explores growing importance biostimulants plant health product which complements protection nutrition increasing disease management
nutrition,definitely nutrition probably mouthpiece other medical matters clown
nutrition,caught again replacer embarrassed disclose possibilities popped googled making lambs nutrition complicated
nutrition,supplies balanced nutrition plants through foliar spray helps better utilization takes hidden hungers which cannot easily through symptoms crops
nutrition,making progress weight journey
nutrition,beefy chili
nutrition,nutrition
nutrition,reviving cultivation driven considerations forget
nutrition,perhaps education should involvement something analogous nutrition facts surgeon general smoking warnings allow voice censorship mandate powers
nutrition,after extracted temperature using stone wooden crusher preserve nutrition aroma taste extracted refined using sieve
nutrition,food nutrition thank goodness wondering vaccine expert
nutrition,opening nutrition specialist dushanbe tajikistan
nutrition,cinnamon reduce prevent cognitive function impairment
nutrition,needs complementary foods offer energy nutrition addition breast start introducing additional meals months information x98mch
nutrition,terrible health sooner doctors through nutrition school start advocating sooner lifestyle diseases
nutrition,making collecting honey nutrition going finally reach those shining stars amagi
nutrition,doctor education nutrition heard class
nutrition,ingredients containing vitamin dietary fiber minerals healthy nutrition
nutrition,someone trolley peanut accept particularly edible variety hungry loons nutrition
nutrition,caffeine adrafinil image nutrition
nutrition,clean anyone interested lines
nutrition,longer happier fresh pulses market pulses sometime
nutrition,choose foods nutrition taste fruits vegetables whole grains foods sugar calories weight careful couple cheat meals cheat every while
nutrition,agriculture officials proposed nutrition standards school meals including first limits added sugars focus sweetened foods cereals yogurt flavored breakfast pastries
nutrition,welcoming sheela krishnaswamy nutrition wellness consultant advisor founder nutrition nectar global pharma healthcare technology summit global hyatt centric delhi
nutrition,caffeine nutrition facts works thanks
nutrition,looking content writer following niches samples rates health wellness travels immigration skincare commerce nutrition marketing
nutrition,daddy pizza
nutrition,pancreas replacement there foods regulate blood sugar
nutrition,welcome department setting government school premises under poshan scheme
nutrition,single serving cauliflower contains daily recommended value vitamin incorporate nutrient packed veggie meals healthy boost
nutrition,cultivating healthy lifestyle especially important couples trying pregnant among needs attention reasonable nutrition maintain balanced wechat
nutrition,fatty pregnancy fatty contains which essential developing brain cognition
nutrition,nutrition whole supplement needed blood suggest deficiency
nutrition,hundreds sandwiches snacks states recalled listeria
nutrition,oatmeal expert opinions health risks msnnow
nutrition,fiction intermittent fasting better eating frequently
nutrition,going maybe culture where everyone making things happen their mornings nights focusing getting money nutrition sleep mental emotional health general
nutrition,organic source klamath oregon learn about opportunity aphanizomenon aquae
nutrition,comment could thing vegan
nutrition,literally veggie straws pretty every ranch cheddar xa6but never these existed sugar whole calories
nutrition,for nutrition annamet senior whitefish millet formula shop doggo ultimate deserve
nutrition,agenda named quantified nutrition companies profiting using instructing their clients measure using kitchen weighing scale
nutrition,spend enough basic healthcare which china noted while china achieved remarkable transition health nutrition no comparable transformation occurred india result the average
nutrition,little months results paring nutrition going consistently possible possible alone about goals
nutrition,vegetarian nutrition wellness kftn5ug
nutrition,vegetarian pregnancy month month guide health nutrition fireside books fireside
nutrition,mother doesn vegetables figure
nutrition,nutrition through nutri millets initiative different millet related activities being conducted every month about initiatives gitam
nutrition,nutrition skinny flatter having going going
nutrition,nutrition calories ingredients fasho trynna slowly
nutrition,nutrition smart outdoor adventure
nutrition,work businesses fitness nutrition sports family social challenging daily schedule requires extra effort accomplish expected realized prioritizing health
nutrition,solve malnutrition increase deshi consumption height declining heavy dependency carbs height indicator measure nutritional levels google korea solved nutrition problem
nutrition,before terezi idiotic little village nutrition cylinders
nutrition,nutrition health
nutrition,lighter thick probably because drinks balanced nutrition
nutrition,evidence studies relating policy showcase synergy needed between agriculture environment nutrition sectors leverage agriculture practices better nutritional outcomes
nutrition,easily personal finance financial literacy savings investments money retirement taxes building credit interviewing creating resumes basic maintenance nutrition health cooking survival skills first online safety cybersecurity
nutrition,breastfeeding consenting nutrition
nutrition,applied nutrition admission session aspirants enroll online applied nutrition admission career ahead
nutrition,eating breakfast right start eating morning
nutrition,avail horlicks health nutrition drink refill immunity signs growth chocolate price
nutrition,upright potential irritate biceps tendon trains lateral delts select safer options dumbbell cable raises always benefits risks upright risks
nutrition,saying mentally physically better frequently cared about nutrition might start again change
nutrition,losing weight fitness obsessing about weight instead focus becoming getting ideal weight outcomes healthy habits fitness function mental health physical health nutrition adequate hydration
nutrition,raghas organic health benefits without compromising taste enjoy delicious creamy flavor nutrition raghas organic perfect addition to any meal
nutrition,never single
nutrition,overcome emotional eating weight guide breaking cycle
nutrition,sources
nutrition,fighting stigma certain foods boost health india today ayurveda documented connections between health nutrition digestion brings picture relationship between health
nutrition,fighting stigma proposes limits sugar school meals sportskeeda united states department agriculture friday january proposed nutrition standards school meals which include
nutrition,please include about battling cancer significance healthy nutrition support terrain while fights battle tumeric medicinal mushrooms supplements every oncologist should insist
nutrition,season nutrition nibble podcast dropped podcasters recipe better understand nutritional value ingredients which recipe podcasters benefit learning
nutrition,worries heartbreaking reading great people reaching health heiress melbourne byronhealth nutrition appear making difference others
nutrition,nutrient dense foods planet healthline share comment
nutrition,share journey
nutrition,local nutrition expert releases detailing managed asthma natural permanently
nutrition,muscle gainer supplement review labrada nutrition share comment
nutrition,happened honestly interest sugary foods desserts behavior think waste eating waste nutrition useless
nutrition,called examines several health requirements relation exercise there steps process nutrition nutrition nutrition nutrition
nutrition,arteries blocked plaques
nutrition,thought yourself preparing tournament whether warming studying nutrition massage before after oxygen sleep relaxation inconsistent rituals exciting educational
nutrition,personalized nutrition plans better health weight control plans
nutrition,enjoy cooking children while raising adventurous eater along
nutrition,there interesting facts if infection mobilize white cells fight infection causes inflammation process
nutrition,doston saath dosti chuski enjoy friends
nutrition,overthinking nutrition cannot steal secret involving
nutrition,nutrition sessions before clear surgery
nutrition,welcome weekly nutrition feature questions related personal circumstances wondering eating something enough something regularly nutritional content
nutrition,sleep hours every night still manage durning nutrition energy again
nutrition,there spinal generate problem causes nutrition blood circulation after change three blood muscle seman sperm
nutrition,agree personal responsibility should encouraged obviously there exceptions conditions reversed nutrition exercise
nutrition,nutrition benefit argument comments indicate education probably reason attack vegans suggest develop critical thinking research skills
nutrition,matter health products nutrition highly impactful
nutrition,visit brickhouse nutrition receive
nutrition,geniuses sorry nutrition educational exposures access things random on another planet prove
nutrition,wishealth expert advice homeopathy treatments almost every disease however complex learn
nutrition,couldn explained better baffles called nutrition experts about chemicals pronounce shouldn every thing breathe ingest touch chemical revise chemistry
nutrition,certain thing really demonstrate piece consumer electronics wifi connected urine analyzer sits toilet sample analysis gadget behind
nutrition,online claim government released food nutrition rating form graph rate lucky charm cereal healthier steak missing context
nutrition,department agriculture school food guideline stand proposed chocolate milk first time ever least added sugar sodium level reduced gradually
nutrition,potato saddled reputation unhealthy unfair potato lump mostly starch surprising amount vitamin grows ground earth vegetable literally sure
nutrition,several organisation restored operation afghanistan received assurance taliban authority woman could work area health spite restriction last month barring female worker
nutrition,head food drug administration announced overhaul agency food safety nutrition division
nutrition,food bank advocate called bill egregious attempt seen last many year back benefit needy
nutrition,kerry group href http reuters company kyga target blank kyga agreed sell sweet ingredient portfolio private equity major advent international million euro million irish company said wednesd
nutrition,danone href http reuters company dano target blank dano wednesday announced would appoint three group deputy chief executive report antoine saint affrique
nutrition,climate food stamp broadband research dollar line negotiation kick farm bill
nutrition,mounjaro decade struggle managing weight welcome post hunger
nutrition,quiz comic website give free advertising well known high salt sugar brand researchersthe beano world longest running weekly comic face call stop promoting junk food investigation found many quiz revo
nutrition,biden administration committed shoring small midsize farm operation agriculture secretary vilsack said monday laying vision competitive agriculture economy congress begin debate nation largest
nutrition,billionaire investor bill ackman said thursday found short seller hindenburg research report india adani group highly credible extremely well researched
nutrition,back vega show officially open tomorrow many exhibitor already unveiled product various press conference medium event today starting early news freque
nutrition,kamau witherspoon shipt share company prioritizing food insecurity hunger solution year
nutrition,agriculture secretary vilsack also seek significantly lower sodium meal part fresh nutrition standard planus agriculture official friday proposed nutrition standard school meal including first limit added sugar
nutrition,extreme weather human activity degrade world arable land scientist developer looking largely unproven method save soil agriculture
nutrition,growing research suggests ultra processed food kind find grocery store shelf pose health risk avoid
nutrition,people social medium saying microsoft founder philanthropist bill gate want vaccinate animal give better genetics misstating said interview initiative farm animal
nutrition,andy murray always harshest critic scot allowed rare smile back gruelling first round victory seed matteo berrettini australian open tuesday
nutrition,many regular everyday food surprisingly high amount sugar including called health food
nutrition,reduction obesity greatest among girl deprived area study say effect found year boy sugary drink prevented case obesity every year among girl final year primary school research
nutrition,taller people lower risk many disease better education earn say prof majid ezzatiwhen rishi sunak became shortest male prime minister since winston churchill sunak reportedly compared male
nutrition,swallow make summer sure count four instance product trend certainly interesting thread year year show quartet company showing urine analysis tool designed
nutrition,springform pan great item hand kitchen making easy bake cake cheesecake tart even pie type come piece springlock keep piece together springform start
nutrition,bill iowa state legislature hope restrict food assistance attempt cost expert would opposite hurt working class iowan need
nutrition,united state friday pushed security council adopt resolution calling taliban authority afghanistan reverse ban woman working group attending university high school diplomat said
nutrition,need nutcracker open notoriously tough shelled walnut walnut hand make fist explained video important align walnut properly seam touch
nutrition,denmark midfielder discus online fitness company stopping month father died world dreamsanne troelsgaard admission normal professional football player instead winding training
nutrition,healthy breakfast staple loaded sugar brand expert trust
nutrition,buckle public health plunge cheap accessible fitness facility shutteredin noise generated collapse hear refrain basic point obvious almost banal
nutrition,never done cleanse many friend family member done various flavor clean basic idea back consumption food drink replace mostly liquid nutrition anywhere
nutrition,amazon halo rise bedside sleep tracker sits night table track sleep quality stage
nutrition,american buying grocery dollar store often mean getting food nutrition high calorie
nutrition,heather shasa took student loan debt become registered dietitian father died work hour week afford loan payment
nutrition,weight loss surgery reduces risk premature death especially obesity related condition cancer diabetes heart disease according year study nearly people bariatric surgery utah
nutrition,diet largely made plant based food root vegetable pulse fruit vegetable generally climate impact also associated health benefit reduced risk related diabetes cardiovascular disease
nutrition,toxic metal harmful developing brain lead target part broad imitative reduce child exposure lowest level possible
nutrition,many chinese herb boosting productivity year help
nutrition,complete guide upping stamen picking pacewhen main goal probably beat personal best least work simply telling faster enough
nutrition,mushroom grow quickly compared fruit vegetable take precious space garden hobbyist start oyster mushroom easiest type grow learn tool trade hand dozen
nutrition,learn everything need know grow fresh garlic clove wish could clove garlic fingertip whenever needed recipe even total amateur gardening garlic really easy herb
nutrition,timing meal striking effect weight appetite chronic disease risk
nutrition,john fetterman taken storm drawing awestruck colleague side garnering praise democratic leader suspect
nutrition,portrait community devastated worst recorded flood nigeria
nutrition,american journal clinical nutrition
nutrition,update deal still available amazon count optimum nutrition gold standard protein shake chocolate vanilla sale clip
nutrition,initiative repopulate depleted water teaching villager sustainable agriculture providing job improving dietsfor year eric ndagijimana father barthazard poached fish gishanda lake eastern rwanda feed family subsistenc
nutrition,avoid eating chocolate cream watching surprisingly poignant health show filmed think embarrassing body meet british television going literally case know
nutrition,washington based body cut growth forecast amid threat inflation interest rate covid warany fresh setback global economy already rapidly weakening result high inflation interest rate could result second recession
nutrition,chef levelling quality quantity butter serve inspiring trend happens leftover spread weekend culture lifestyle email melbourne restaurant etta rosheen kaul brown
nutrition,amazon quest nutrition protein chip sale clip coupon item page quantity cart check subscribe
nutrition,microbiome still important talked expert help back track
nutrition,cigarette smoking associated worse cognitive performance among people year older association broadly whether individual hypertension diabetes
nutrition,much know cutting methane emission cow main problem writes joseph mcfadden
nutrition,span background meal skipping become increasing trend modern lifestyle lead obesity type diabetes objective investigated whether timing meal skipping impact risk affecting circadian regulat
nutrition,plus time post nutrition
nutrition,struggling long covid brain better nutrition might answer need
nutrition,support practice restaurant supplier adding sesame flour food bread stick olive garden bun wendy
nutrition,count humble moong khichdi nutrition need
nutrition,young worker posting honest vlogs discussing unemployment finding job building source income
nutrition,say enough evidence confirm safe food dietary supplement
nutrition,brandon marshall break house athlete company dedicated improving mental physical health athlete
nutrition,canadian study suggests child breastfed receiving antibiotic first year life triple risk developing asthma lacked specific protective sugar found human milk
nutrition,goal early part personal best time bike race entered third year watching diet much carefully typically time year like many people food
nutrition,heart disease cancer common cause death
nutrition,objective conduct systematic review meta analysis ass effect total meat intake glycemic control inflammatory biomarkers using randomized controlled trial individual free cardiometabolic disease
nutrition,researcher deeper much water people take cue body
nutrition,look option including slimming world weight watcher examine perk benefit diet club user turned life around losing weight eating healthily getting fitter featured million people
nutrition,giant british journalism start post channel career interview show plus five best podcasts woman midlife hear delivered inbox sign want captivating interview coul
nutrition,simple perspective shift reorients root
nutrition,come training client ease keeping must downloadable apps personal trainer swear many apps help keeping tima miroshnichenko pexels apps help trainer properly
nutrition,valuable overall health metric measured apple watch however native integration watchos better understand make data leaving third party apps cover importan
nutrition,pig blanket probably adorable appetizer name time right idea simple dog pork sausage rolled bread baked pig blanket like baked maybe like classy bake
nutrition,finally serious step taken united state towards healing people health issue shift diet rather sole dependence pharmaceutical solution
nutrition,egypt economic situation dire government asking people chicken foot country suffering record currency crisis worst inflation five year making food expensive many egyptian longer afford chicken
nutrition,written health nutrition year diagnosed muscular dystrophy staying healthy took meaning
nutrition,despite mass layoff economy look resilient enough avoid recession moreover consumer sentiment remains pretty robust therefore investor could consider buying quality stock health mckesson
nutrition,inflation cooling expected slow rate hike aggression year moreover consumer sentiment improving could right time
nutrition,please subscribe review apple podcasts submit question podcast news topic jour corporate capture nutrition profession case academy nutrition dietetics podcast question fermentatio
nutrition,antioxidant often advertised cure nutrition offered dietary supplement however body also produce radical scavenger coenzyme researcher planck institute biology aging
nutrition,probably good
nutrition,probably familiar january yearly tradition prompt participant give alcohol duration month practice seems resonate variety reason whether recalibrate season holiday
nutrition,avocado richest fruit source phytosterols cholesterol lowering nutrient heart healthy monounsaturated fat say eileen canday head department nutrition dietetics reliance foundation hospital research centre
nutrition,nutrition expert people clean report positive benefit short term specific slush drinking clean come plenty risk know
nutrition,need term describe european style cuisine
nutrition,celebration rastafarian ital flavor
nutrition,omega packed requires minute prep work
nutrition,doctor thought sick infant type diabetes really starving feeding almond milk
nutrition,collaboration scientist tokyo university agriculture technology tuat japan discovered novel amyloid protein canine mammary tumor amyloid protein casein normally play vital role transport calcium
nutrition,faute offre locale place dans formation certains doivent nager pour poursuivre leurs tudes cette contrainte toujours bien moigne aussi gale attractivit universit
nutrition,little spice metabolic health routine
nutrition,cooking oil complicated nutritious option exist every application
nutrition,president zelensky global leader raising alarm imprisonment mikheil saakashvili georgia former president
nutrition,ideally getting nutrient body requires real food pill powder effective thing
nutrition,frank yiannas resignation come poised announce series step taking address response formula crisis breakdown
nutrition,amazon nature bakery whole wheat bar blueberry sale check subscribe save shipping free prime order note
nutrition,pet expensive bill cost owning korean company recently launched ttpet us diagnose possible health smartphone camera help
nutrition,researcher found around percent obese deficient mineral contained drink
